Unnamed: 0,queryString,relevant_cols,songIDs,predictions
19,girly girls song please,like/girls,"[20155, 23454, 10321, 15747, 17626, 23714, 5947, 25983, 28352, 20441, 22596, 9571, 622, 173, 20376, 12952, 10535, 19540, 11187, 697, 8158, 901, 23960, 13108, 14291, 7965, 19748, 14274, 24286, 1104]","[24116, 20992, 20918, 12783, 2272, 19807, 198, 23361, 26131, 19251, 27064, 1408, 21682, 1256, 12284, 5716, 22574, 16605, 6475, 1908, 12709, 5202, 18078, 2485, 19510, 6518, 4603, 99, 13913, 13108, 5592, 5661, 20281, 1794, 25001, 11186, 310, 17890, 8508, 13740, 848, 12561, 17475, 3732, 21460, 6728, 27569, 24285, 462, 17202, 17494, 6009, 12769, 16925, 17615, 21488, 24267, 18623, 10637, 9001, 20596, 6847, 16323, 7476, 2335, 21025, 3438, 11173, 10498, 12379, 19002, 20813, 5975, 22130, 4119, 18282, 12023, 7521, 14606, 22821, 3160, 6259, 28332, 7462, 20485, 3336, 17432, 5257, 14835, 27419, 18694, 10052, 6214, 6077, 26550, 22717, 5187, 23228, 18715, 18866, 4110, 21190, 23110, 17540, 23427, 28043, 20017, 6229, 22559, 15823, 8647, 17242, 12357, 17182, 17177, 19349, 15548, 17757, 19727, 25841, 15031, 21016, 17989, 4120, 8955, 17951, 21966, 94, 17373, 17108, 20764, 5799, 919, 19783, 20067, 5044, 17771, 7444, 5095, 19636, 13753, 15831, 705, 18751, 18488, 23844, 3089, 6075, 19325, 8217, 2158, 28335, 21116, 20030, 26901, 5946, 20156, 15676, 25476, 6752, 26730, 19413, 15667, 20013, 10234, 11224, 15140, 1275, 22641, 2761, 24313, 20835, 13027, 20827, 27497, 18332, 17419, 19456, 12987, 24419, 19487, 16698, 3401, 19038, 1196, 20966, 2696, 5419, 17215, 15132, 17154, 12625, 25416, 19406, 26895, 3259, 2499, 10875, 16450, 27785]"
14,date night romance please,"night/time,dating,romantic","[18622, 27893, 388, 21658, 8498, 3308, 19238, 17106, 20615, 19156, 24253, 23638, 13903, 12133, 3084, 19964, 23862, 23637, 17150, 8881, 21541, 25428, 13194, 988, 16869, 21685, 24525, 17692, 19896, 19641]","[3938, 9204, 18395, 23551, 12204, 20252, 18174, 8362, 8183, 13447, 1750, 10000, 22267, 1717, 9458, 6071, 9908, 20342, 12642, 17324, 6960, 5960, 24188, 20621, 2762, 2572, 8531, 25049, 945, 18667, 10355, 14072, 22568, 10083, 5990, 20193, 5633, 2589, 5656, 17323, 17190, 14974, 22685, 5905, 22083, 3865, 2864, 22321, 2393, 4840, 13927, 27390, 6316, 7254, 18341, 16373, 5389, 26068, 17485, 18163, 10733, 4995, 3261, 8817, 1991, 22913, 20830, 3319, 690, 24472, 18462, 25635, 3738, 13779, 19584, 14615, 19216, 18756, 18077, 27663, 27657, 27709, 5256, 13920, 16793, 24430, 14992, 12808, 19925, 5682, 13504, 2975, 26418, 27825, 4827, 28275, 2898, 16942, 12371, 28136, 8922, 6676, 22112, 16137, 22508, 6651, 4805, 21519, 20015, 1913, 21048, 6998, 20540, 23301, 27121, 9408, 22785, 1032, 21546, 16778, 5782, 19964, 18654, 19713, 25654, 3274, 22163, 22686, 23094, 1561, 6318, 16922, 15629, 19811, 10186, 20134, 5069, 9773, 6638, 27857, 10851, 6800, 21480, 12414, 24425, 6886, 26693, 25014, 17774, 7036, 22683, 19679, 5625, 19970, 4900, 9956, 6371, 24718, 3745, 585, 26807, 12317, 11809, 16110, 23671, 3740, 16943, 18042, 2537, 6921, 12451, 11377, 13350, 23545, 15239, 1392, 2409, 24368, 23738, 25481, 1203, 18803, 22260, 13340, 11095, 4851, 10089, 12149, 22273, 6643, 17407, 15858, 12491, 10972, 3258, 26435, 7958, 9075, 19759, 17867]"
43,fuck everything,"violence,obscene","[6578, 25955, 19805, 16118, 4697, 2848, 16461, 20942, 11891, 22215, 6392, 25542, 15509, 27484, 26322, 19770, 27980, 7030, 14702, 14387, 4447, 15535, 22805, 9912, 16691, 22621, 3009, 18438, 16247, 17033]","[25910, 21546, 25829, 20611, 23435, 3316, 1352, 6100, 28024, 6291, 4246, 11519, 21102, 26194, 23073, 25201, 27637, 16985, 19770, 27902, 4819, 4190, 21688, 14166, 2575, 22933, 19418, 9808, 19383, 30, 2784, 4332, 10615, 8949, 20344, 7416, 28062, 28123, 14379, 3206, 27610, 22579, 24080, 15966, 11757, 27970, 22517, 8046, 6002, 18516, 19621, 14553, 17075, 22650, 16088, 24751, 18674, 25537, 15409, 12336, 26739, 5266, 1181, 6471, 28151, 22060, 17519, 28175, 23225, 5671, 22104, 6526, 18412, 19577, 6491, 26088, 4696, 4728, 23389, 9378, 28019, 6773, 5869, 20144, 21700, 2842, 27830, 21658, 26321, 25881, 22390, 22902, 15568, 27539, 8327, 24275, 27650, 27290, 26226, 28310, 15132, 14454, 20568, 22657, 19175, 4393, 4927, 27297, 28209, 4783, 19584, 28300, 15985, 24569, 14831, 23173, 15533, 21660, 21202, 10679, 1894, 23991, 14631, 24792, 7936, 14500, 26587, 25496, 26994, 28148, 14316, 15718, 28149, 27566, 4684, 25547, 11661, 4661, 12153, 22307, 21218, 11993, 28128, 23297, 19940, 25125, 10711, 5881, 24737, 16390, 22467, 26882, 25262, 20804, 22862, 5018, 8549, 25500, 21744, 22139, 9345, 22960, 26819, 6885, 19776, 22257, 27578, 15, 65, 6381, 22845, 26182, 18179, 26518, 22778, 20174, 6843, 25686, 6509, 26204, 19104, 6778, 26018, 26252, 25803, 25724, 25983, 4464, 6502, 25059, 15138, 6923, 25727, 5660, 14018, 21476, 20036, 6953, 5811, 23265]"
37,feeling super motivated,"valence,energy","[4954, 3443, 4546, 11914, 2950, 20866, 4762, 3007, 19909, 2735, 3581, 28367, 4330, 4538, 4502, 24926, 2669, 5592, 9780, 19878, 4554, 24259, 20261, 22139, 23436, 5282, 2241, 25882, 22672, 3712]","[4461, 6229, 6186, 6880, 3666, 23255, 2652, 23367, 20912, 19903, 6178, 2681, 4542, 25881, 16759, 20605, 2101, 16992, 21430, 20869, 19373, 12297, 12406, 24905, 27216, 28254, 25805, 6891, 2462, 26797, 4422, 27951, 28296, 6861, 4094, 23931, 25803, 6980, 21489, 21581, 6704, 27670, 9839, 14361, 26429, 10304, 23862, 4583, 14236, 2401, 13568, 14065, 11937, 20675, 18511, 7414, 7359, 358, 2035, 4638, 4349, 27342, 22065, 19810, 20461, 16331, 18868, 27663, 27709, 27657, 21801, 21352, 14299, 21138, 20773, 19666, 27987, 18874, 17507, 24404, 21114, 28004, 22236, 22580, 27864, 6811, 3060, 21855, 26233, 25633, 19899, 22409, 28072, 27610, 5297, 27993, 15167, 21913, 14768, 22811, 13027, 28355, 16397, 27929, 24445, 25480, 17891, 25731, 2682, 12474, 4522, 5624, 10263, 15998, 15711, 22719, 20245, 27063, 15093, 23329, 23525, 2534, 4009, 18568, 23349, 2634, 11322, 9941, 12467, 11504, 5351, 5337, 25748, 22537, 22814, 22804, 5098, 27556, 1870, 2095, 5614, 13891, 27859, 5422, 2355, 15124, 2902, 16486, 26053, 28129, 27992, 19245, 13697, 28190, 28361, 27760, 28119, 10962, 21989, 27593, 25917, 21826, 22214, 25973, 4991, 28182, 22460, 13199, 14592, 16124, 28278, 21002, 28273, 9248, 6218, 25797, 12534, 27567, 16278, 22060, 25659, 21780, 21017, 25796, 22204, 6782, 6958, 23208, 17622, 19150, 27683, 28302, 12252, 9592, 146, 13512, 19797, 28210, 5471, 17725]"
66,i am so sad just got rejected by my crush,"romantic,sadness","[734, 26552, 8810, 7437, 19346, 12825, 7612, 1696, 17212, 17650, 12729, 8626, 8727, 19238, 20956, 7212, 17106, 3749, 11205, 7503, 3527, 17985, 3591, 7353, 7896, 8165, 3241, 18451, 15797, 14003]","[3079, 20378, 22360, 1746, 4075, 2511, 3313, 19495, 9079, 24720, 26209, 25803, 2949, 6996, 6093, 4778, 4401, 19422, 27030, 5116, 2350, 1327, 4421, 4634, 16308, 26452, 18111, 21020, 27710, 23279, 20135, 18037, 26125, 22178, 19879, 6339, 21436, 19699, 21403, 2595, 5586, 20611, 21519, 6877, 14150, 26160, 20125, 4263, 26966, 16943, 12491, 15919, 10053, 10782, 11012, 25397, 11921, 2876, 13872, 14105, 12027, 4689, 21337, 17980, 26260, 20278, 12192, 19389, 5759, 20688, 6055, 15617, 3576, 6944, 27071, 17407, 26885, 11320, 16167, 20182, 2076, 4565, 3951, 18241, 5434, 11165, 1811, 22129, 24435, 17229, 2899, 8856, 3819, 23274, 23646, 21309, 7009, 27945, 20574, 12445, 7949, 23345, 21845, 25079, 17977, 1072, 4389, 19742, 17829, 5346, 21816, 17398, 12386, 24328, 22605, 24603, 23326, 4687, 21781, 17103, 8319, 21415, 6994, 6518, 23213, 2659, 25242, 1411, 18895, 27421, 22405, 3270, 15108, 10643, 5624, 10218, 20452, 3614, 19521, 4255, 15254, 27574, 8999, 10918, 11794, 22859, 24387, 20954, 19390, 11681, 24568, 6227, 24664, 26237, 3561, 21125, 26117, 25651, 15803, 14980, 14953, 23765, 2019, 5107, 24377, 22431, 17769, 17536, 19721, 3057, 3777, 10282, 2532, 4168, 21296, 23167, 26690, 8760, 17219, 23820, 348, 24144, 27303, 16820, 27727, 11132, 20010, 3371, 92, 16611, 1320, 24126, 2761, 5033, 20089, 24791, 16580, 11344, 14041, 26193]"
3,party all night bangers,"danceability,energy,loudness","[4792, 28171, 5265, 27511, 27656, 28229, 18763, 27613, 20405, 3390, 27961, 5242, 4289, 28264, 27865, 3844, 20823, 4558, 18888, 28333, 20878, 22259, 20787, 4886, 27649, 28272, 5064, 20115, 5690, 28279]","[9204, 18395, 13447, 1750, 10000, 22267, 24188, 20621, 2762, 2572, 8531, 21074, 14780, 10355, 14072, 22295, 5990, 27609, 6054, 8362, 23301, 27796, 6316, 27390, 7254, 16373, 18341, 26068, 17485, 21920, 12225, 38, 10733, 4995, 3261, 8817, 1991, 22913, 20830, 3319, 24472, 690, 5749, 1564, 27743, 27741, 24718, 13729, 2166, 13779, 4750, 10492, 20806, 8468, 14615, 5690, 28162, 13920, 14992, 21100, 23403, 28102, 15171, 19717, 27835, 20109, 11915, 14498, 26418, 4827, 28275, 19970, 12063, 28136, 16137, 22508, 6651, 4805, 20015, 21519, 6998, 20540, 15111, 6554, 12184, 3274, 1561, 4937, 12204, 12414, 21179, 5552, 26693, 11982, 6618, 25014, 12415, 5425, 9956, 6371, 26149, 3745, 6643, 5969, 26807, 12317, 6291, 23671, 12169, 3740, 16943, 13964, 18042, 2537, 20153, 6921, 12051, 945, 15815, 28125, 13350, 12451, 11377, 23545, 15239, 23716, 27270, 1392, 6405, 2409, 6330, 4537, 6260, 24368, 23738, 20012, 19925, 18803, 1203, 22260, 13340, 11095, 4851, 12149, 10089, 22273, 10972, 17407, 15858, 12491, 3258, 26435, 7958, 9075, 19759, 17867, 1568, 11201, 17956, 8277, 2975, 267, 13774, 28048, 6762, 2003, 12996, 3856, 5410, 22624, 4905, 12300, 18462, 17648, 9886, 5607, 21578, 27557, 19584, 23039, 23315, 8082, 23594, 2349, 12399, 22936, 9831, 21651, 2860, 13090, 17113, 6024, 27551, 11544, 2971, 26269, 9162, 17773, 11952, 1913]"
79,how faling in love should feel like,"dating,romantic,feelings","[19216, 15019, 12656, 19238, 13135, 17106, 19344, 14005, 19964, 23862, 17150, 23842, 16869, 21685, 7907, 24781, 18406, 14107, 15649, 332, 14398, 338, 20914, 12976, 7332, 737, 26007, 13250, 3662, 19510]","[2312, 18302, 26190, 26495, 21167, 24261, 10953, 23009, 21248, 21370, 3461, 21206, 1836, 3603, 19879, 21373, 21033, 7292, 6996, 22376, 20074, 24809, 4004, 512, 621, 2866, 3374, 25891, 21363, 19511, 392, 9506, 9740, 19960, 10249, 4178, 1997, 3087, 13261, 12491, 25718, 24265, 22466, 7295, 5389, 26069, 27848, 24709, 2931, 6414, 14898, 27324, 18301, 17407, 139, 14744, 5631, 21172, 13224, 19880, 4812, 21089, 25505, 2250, 6777, 11012, 22787, 27641, 130, 26755, 25664, 27144, 23382, 21235, 13270, 20359, 12134, 13360, 3401, 24782, 11798, 22892, 3918, 21748, 3020, 2152, 1889, 15001, 25488, 2501, 20268, 12607, 3263, 24328, 14749, 6883, 22852, 25416, 10587, 10515, 13077, 13972, 27639, 23338, 3877, 26791, 21771, 20757, 24148, 25295, 3838, 11202, 22567, 24692, 16500, 12027, 15952, 14725, 5033, 18552, 25516, 5115, 10895, 4655, 19759, 662, 16739, 1042, 19852, 23019, 4127, 15761, 13346, 22753, 25403, 11591, 3533, 13046, 14859, 15629, 10541, 11374, 15943, 12035, 14889, 3339, 6896, 19160, 20646, 25094, 17688, 22743, 8046, 11829, 553, 24108, 24111, 21000, 21804, 18460, 10676, 9221, 17214, 14700, 18670, 20938, 1994, 1319, 16247, 19244, 4149, 20463, 19802, 25293, 13829, 4483, 16013, 21458, 21369, 746, 16981, 17137, 27897, 428, 7923, 11109, 1539, 12064, 26977, 11613, 25661, 10463, 18433, 19245, 23649, 20349, 22764, 12085, 25349, 23327]"
41,craving for love,romantic,"[19238, 17106, 19964, 23862, 21685, 16869, 15649, 17150, 24781, 338, 19510, 26007, 14281, 377, 23598, 7907, 20914, 7332, 18021, 13903, 12600, 8888, 17501, 108, 13559, 21387, 193, 17854, 18793, 16447]","[18302, 26190, 23252, 23009, 19879, 3461, 21033, 6996, 7292, 20074, 27037, 621, 2866, 21363, 9740, 19511, 12491, 6414, 27324, 17407, 2931, 14744, 25505, 11012, 25664, 5191, 23382, 27144, 21235, 19802, 22554, 20359, 3918, 12607, 10720, 14749, 24328, 16696, 22852, 13077, 3877, 139, 25295, 3838, 12134, 4127, 16739, 5033, 1042, 5115, 2179, 14950, 15241, 19759, 10895, 18680, 25002, 5061, 9530, 23338, 21000, 13346, 8046, 25094, 3858, 24546, 21804, 18881, 24108, 5964, 16013, 26927, 26156, 26977, 11374, 18433, 23649, 24692, 22764, 3613, 18037, 24720, 4125, 1766, 19136, 12841, 127, 19603, 13683, 10975, 4057, 10513, 20790, 746, 27630, 20602, 27164, 3817, 18106, 22657, 23019, 16302, 4453, 4442, 21423, 22935, 553, 17142, 16904, 25997, 18803, 27848, 19600, 23966, 21771, 6590, 21669, 10829, 20593, 20452, 26726, 2792, 11202, 7707, 20417, 22038, 15145, 21875, 22768, 11595, 11770, 482, 6049, 18068, 18368, 3978, 385, 19644, 25062, 25481, 14988, 4090, 4493, 1622, 943, 2116, 27447, 543, 24571, 136, 3642, 25006, 20764, 248, 23860, 991, 17032, 17504, 730, 21248, 19693, 17644, 25643, 17745, 12787, 26060, 19674, 10742, 18842, 19280, 8176, 11962, 21163, 8569, 16615, 11666, 20378, 3391, 24414, 17137, 14855, 2932, 18553, 20295, 12285, 15438, 5918, 27754, 21585, 27727, 28233, 26591, 14486, 20237, 5037, 341, 4449, 12988, 8846, 1224]"
38,wanna spread some love,romantic,"[19238, 17106, 19964, 23862, 21685, 16869, 15649, 17150, 24781, 338, 19510, 26007, 14281, 377, 23598, 7907, 20914, 7332, 18021, 13903, 12600, 8888, 17501, 108, 13559, 21387, 193, 17854, 18793, 16447]","[18302, 26190, 24651, 24581, 14956, 25296, 23009, 24768, 19879, 3461, 21033, 7292, 6996, 19852, 26887, 20074, 621, 16084, 2866, 6414, 21363, 3048, 22662, 9740, 26435, 24812, 19511, 337, 12491, 25789, 26594, 21235, 27324, 25223, 17407, 21357, 3910, 3383, 21431, 25401, 14744, 2931, 18638, 25505, 24780, 11012, 25664, 20412, 15756, 23382, 27144, 20359, 6481, 3918, 8150, 24685, 26490, 2154, 4127, 12607, 24853, 14749, 18677, 19370, 24328, 21115, 24023, 22852, 13077, 3971, 6684, 5718, 24459, 6944, 3877, 21875, 25295, 6600, 3838, 12134, 26737, 25640, 26407, 139, 16739, 19759, 1042, 22468, 5033, 11202, 10895, 11349, 5115, 19787, 13346, 3613, 16527, 23338, 25094, 25085, 8046, 21000, 21804, 26261, 24108, 13567, 4786, 19802, 16013, 24914, 13413, 18181, 26486, 27571, 26977, 16963, 18116, 26735, 23649, 22657, 11374, 26368, 22777, 5191, 22764, 18433, 6666, 1766, 19136, 12841, 24692, 27435, 127, 19603, 13683, 18068, 10975, 19803, 5850, 20790, 18474, 18037, 4523, 746, 27630, 20602, 27164, 16302, 3817, 18106, 4453, 22132, 4442, 21423, 553, 4998, 17142, 25905, 16577, 22935, 26978, 23019, 24139, 2180, 23966, 22051, 18820, 260, 21771, 15943, 19600, 16307, 10829, 21669, 26927, 27848, 6590, 995, 1239, 7707, 2792, 15296, 10883, 10519, 16597, 26640, 3316, 20593, 22038, 20705, 10104, 26498, 5669, 24178, 20417, 27351, 27135, 15145, 27977, 22768]"
68,falling in love,romantic,"[19238, 17106, 19964, 23862, 21685, 16869, 15649, 17150, 24781, 338, 19510, 26007, 14281, 377, 23598, 7907, 20914, 7332, 18021, 13903, 12600, 8888, 17501, 108, 13559, 21387, 193, 17854, 18793, 16447]","[18302, 26190, 23009, 19879, 3461, 21033, 6996, 7292, 20074, 621, 2866, 21363, 9740, 19511, 12491, 6414, 27324, 17407, 2931, 14744, 25505, 11012, 25664, 23382, 21235, 27144, 20359, 3918, 12607, 14749, 24328, 22852, 13077, 3877, 139, 25295, 3838, 12134, 4127, 16739, 5033, 1042, 5115, 10895, 19759, 21000, 23338, 8046, 13346, 25094, 21804, 19802, 24108, 16013, 26977, 11374, 5191, 18433, 23649, 24692, 22764, 18037, 3613, 1766, 12841, 19136, 127, 19603, 13683, 10975, 20790, 746, 27630, 20602, 27164, 3817, 18106, 22657, 23019, 16302, 4453, 4442, 22935, 21423, 553, 17142, 27848, 19600, 23966, 6590, 21771, 21669, 10829, 26927, 20593, 20452, 2792, 11202, 7707, 21875, 20417, 15145, 22038, 22768, 11770, 11595, 482, 6049, 18068, 18368, 3978, 385, 25481, 25062, 4057, 14988, 10513, 4493, 1622, 943, 2116, 27447, 543, 24571, 136, 3642, 25006, 20764, 248, 991, 17032, 17504, 21248, 730, 19693, 17644, 25643, 12787, 17745, 26060, 19674, 10742, 18842, 19280, 8176, 11962, 21163, 8569, 16615, 11666, 20378, 24414, 17137, 2932, 18553, 20295, 12285, 28233, 27727, 27754, 15438, 26591, 4449, 12988, 341, 18456, 22309, 260, 18820, 6205, 14718, 12308, 26158, 24326, 13833, 22596, 2561, 3824, 27914, 21751, 12291, 6499, 6688, 14030, 23365, 18593, 21570, 21982, 6850, 21431, 18510, 3510, 21088, 21185, 9650, 14790, 23720, 10434, 2016, 8157]"
2,long drives and good vibes music,"movement/places,valence","[15789, 8568, 24906, 18660, 21107, 13239, 207, 18154, 8486, 15676, 11826, 23566, 228, 25727, 2369, 2943, 26050, 14577, 3020, 14752, 7111, 11195, 9764, 9253, 14237, 23445, 8681, 2735, 13755, 7371]","[13813, 455, 3689, 24258, 12209, 18572, 20239, 12397, 3308, 19402, 2236, 23129, 15385, 19792, 19219, 26035, 23311, 21280, 21813, 24498, 8089, 12810, 25612, 621, 2174, 19805, 11809, 20156, 15676, 25745, 13753, 10144, 11169, 9981, 25010, 21002, 22275, 16984, 20403, 22375, 22040, 21683, 15783, 23454, 4992, 21888, 16397, 22088, 23152, 503, 21444, 7376, 12417, 14254, 10519, 20273, 18910, 17961, 19133, 20824, 2179, 4950, 2491, 20519, 17025, 11414, 8515, 12226, 22021, 1899, 20901, 20494, 19461, 14644, 781, 28343, 25816, 19156, 22585, 20984, 1175, 11999, 23490, 23839, 23284, 21436, 22502, 2140, 10563, 22971, 21672, 21413, 9612, 19286, 21994, 10248, 22101, 12727, 8256, 21828, 24696, 21357, 25124, 16313, 19818, 5996, 25880, 21222, 22272, 15029, 11083, 4056, 23453, 12337, 27312, 23992, 4777, 11946, 6524, 12783, 2797, 20360, 10640, 11818, 21272, 27794, 6095, 26524, 21581, 11224, 9778, 17229, 12293, 14951, 22578, 23741, 27623, 14306, 28233, 6848, 16349, 5111, 26695, 19105, 20472, 16151, 2972, 16098, 21707, 16382, 23609, 3908, 6088, 18393, 24083, 19017, 13882, 11763, 27916, 21351, 24486, 3657, 20883, 18149, 15471, 5595, 11221, 1477, 22033, 20207, 5100, 17445, 1133, 17784, 1340, 26278, 21758, 23160, 18909, 20739, 5674, 12269, 27972, 9592, 16350, 27484, 12284, 23567, 15531, 28148, 4197, 21985, 6748, 6255, 21740, 10929, 14968, 21553, 21075, 22264]"
1,slow rainy chill day,"feelings,night/time","[21915, 18622, 19231, 19216, 18500, 21658, 3308, 19344, 20615, 12133, 3084, 25428, 21541, 24525, 19896, 19641, 6136, 13194, 4238, 4202, 3662, 13258, 18881, 23697, 15019, 15882, 2711, 5669, 23672, 12976]","[24385, 1940, 2762, 2975, 4976, 18323, 11158, 9204, 16807, 23028, 8747, 1769, 8362, 3423, 21729, 5070, 22327, 26586, 17485, 4499, 15888, 5141, 10000, 20205, 19542, 18206, 9435, 19134, 16817, 1560, 5958, 20001, 1384, 11801, 26053, 12204, 21531, 5960, 6311, 2572, 8531, 5423, 2194, 26427, 2074, 1073, 6315, 290, 4974, 8817, 19798, 14118, 18665, 4806, 11324, 24804, 24703, 9952, 21502, 3377, 13677, 23997, 1801, 26807, 17064, 23937, 9610, 21982, 25040, 13300, 945, 22457, 3161, 22568, 20193, 13533, 3915, 23304, 22407, 9075, 17867, 23048, 23188, 267, 4773, 3865, 3856, 1097, 27122, 21594, 15518, 17519, 26504, 15762, 16009, 1798, 13567, 12484, 25966, 11667, 6798, 1640, 19634, 3927, 2502, 9689, 23999, 11022, 24084, 2222, 14457, 6194, 10107, 14944, 638, 1530, 21696, 13254, 9593, 8402, 6823, 5383, 20146, 9194, 24472, 12094, 12138, 24438, 21393, 1296, 10733, 4995, 25635, 3261, 1991, 22913, 21070, 20830, 23806, 3319, 690, 6771, 23494, 21075, 13456, 9146, 24190, 20511, 21974, 12537, 23178, 20286, 16107, 3447, 8820, 3738, 4005, 24839, 24022, 19069, 19980, 4628, 25390, 5660, 23274, 11742, 16385, 12996, 20257, 3950, 14615, 3493, 17663, 17656, 11456, 18408, 11987, 6099, 1754, 20743, 21297, 3596, 22509, 24637, 3231, 929, 7579, 7512, 8100, 19584, 2040, 25319, 20769, 15646, 19712, 13541, 9298, 16683, 4258, 3755]"
60,very happy now,valence,"[20998, 26038, 14138, 2955, 18909, 21092, 18690, 20940, 3076, 8949, 9572, 9805, 2394, 22328, 3007, 21586, 3148, 8683, 8898, 21084, 22822, 7328, 2544, 732, 3073, 10820, 563, 552, 3570, 21289]","[25422, 18908, 20292, 26915, 21843, 14592, 24035, 18660, 18302, 6140, 22677, 17746, 7718, 20192, 3341, 26259, 23514, 718, 25677, 17808, 19695, 3686, 21274, 3844, 23986, 20319, 19142, 21748, 16338, 22213, 3309, 25569, 11196, 1671, 20546, 17749, 18934, 23235, 19617, 8266, 17485, 7607, 3702, 8283, 1099, 23867, 25731, 17689, 25228, 21313, 20228, 2084, 20363, 27998, 18700, 25650, 4566, 27216, 5010, 17183, 19858, 17771, 17415, 17846, 19393, 24089, 19121, 3504, 20379, 20178, 19573, 25836, 2647, 21731, 22829, 10493, 22955, 8040, 3541, 7807, 12605, 9126, 4716, 24985, 24283, 26575, 8053, 16289, 14868, 24097, 13890, 20370, 2196, 4512, 6438, 1057, 11081, 12699, 21403, 3225, 4911, 14971, 14080, 17694, 1252, 719, 27196, 19283, 21139, 17359, 3759, 21756, 4549, 7954, 7514, 3025, 21044, 20063, 26971, 10536, 13041, 10957, 26779, 22637, 27569, 2137, 23323, 18511, 17774, 14575, 7359, 2936, 6151, 929, 16157, 1006, 15545, 26132, 23532, 21077, 27186, 11614, 19210, 19632, 18243, 22367, 23663, 12748, 12553, 17325, 291, 17104, 17287, 18991, 7384, 8423, 7942, 7509, 7752, 17529, 23559, 17080, 21846, 3241, 23782, 12781, 26805, 9365, 25435, 27773, 1729, 4482, 132, 5823, 25243, 8634, 21810, 14432, 12292, 3596, 11153, 7278, 20597, 9935, 17263, 3639, 24818, 16449, 19269, 5779, 21415, 3741, 21069, 3907, 18095, 20635, 4481, 2146, 20504, 24131]"
53,blissfully in love,"romantic,valence","[21685, 23862, 377, 338, 8498, 18021, 2521, 19624, 7907, 22531, 19238, 864, 7374, 24358, 17854, 13559, 23514, 361, 21387, 3838, 14873, 24253, 3749, 1476, 12558, 17097, 21217, 9184, 22710, 20396]","[18302, 26190, 23009, 19879, 3461, 21033, 6996, 7292, 20074, 621, 2866, 21363, 9740, 19511, 12491, 6414, 27324, 17407, 2931, 14744, 25505, 11012, 25664, 23382, 21235, 27144, 20359, 3918, 12607, 14749, 24328, 22852, 13077, 3877, 139, 25295, 3838, 12134, 4127, 16739, 5033, 1042, 5115, 10895, 19759, 21000, 23338, 13346, 8046, 25094, 21804, 19802, 24108, 16013, 26977, 11374, 5191, 18433, 23649, 24692, 22764, 18037, 3613, 1766, 12841, 19136, 127, 19603, 13683, 10975, 20790, 746, 27630, 20602, 27164, 3817, 18106, 22657, 23019, 16302, 4453, 4442, 22935, 21423, 553, 17142, 27848, 19600, 23966, 6590, 21771, 10829, 21669, 26927, 20593, 18471, 20452, 2792, 11202, 7707, 20417, 21875, 22038, 15145, 22768, 20042, 11770, 11595, 482, 6049, 18068, 18368, 3978, 385, 25481, 25062, 4057, 14988, 10513, 4493, 1622, 943, 2116, 27447, 543, 24571, 136, 3642, 25006, 20764, 248, 991, 17032, 17504, 730, 21248, 19693, 17644, 25643, 17745, 12787, 26060, 19674, 10742, 18842, 19280, 8176, 11962, 21163, 8569, 16615, 11666, 20378, 24414, 17137, 2932, 18553, 20295, 12285, 15438, 27727, 27754, 28233, 26591, 341, 4449, 12988, 18456, 260, 18820, 22309, 26158, 6205, 12308, 14718, 24326, 13833, 22596, 2561, 3824, 27914, 21751, 12291, 6499, 6688, 23365, 14030, 21570, 21982, 18593, 6850, 21431, 18510, 3510, 21088, 21185, 9650, 14790, 23720, 10434]"
95,i am so hyped right now ,"danceability,energy,valence","[28333, 20405, 27656, 4289, 27961, 5242, 21444, 4538, 25066, 5265, 2420, 20878, 21699, 5314, 22087, 24488, 20349, 20115, 27619, 20396, 27760, 4546, 28367, 20943, 27759, 28264, 5690, 5716, 4938, 19262]","[6918, 25582, 20983, 24860, 20611, 19423, 19317, 22381, 19442, 4230, 4889, 18332, 27744, 6186, 16464, 3335, 3956, 25346, 26028, 16345, 5456, 15906, 26095, 6464, 27164, 21789, 21172, 20471, 25374, 16141, 18117, 8259, 19972, 17229, 18788, 19515, 27818, 5463, 808, 21614, 16831, 8699, 15186, 11884, 19975, 14099, 7110, 13082, 3367, 23167, 6976, 26694, 13297, 22315, 18874, 22158, 14361, 18220, 209, 21405, 13186, 21530, 3508, 24781, 5422, 22852, 9850, 18187, 27630, 598, 26367, 21050, 27138, 27603, 23295, 6865, 20087, 22335, 19425, 16452, 24784, 22262, 28001, 4695, 12303, 20531, 20123, 26032, 14418, 10655, 11575, 25609, 19572, 5976, 26187, 27815, 26915, 10231, 23262, 21376, 6683, 28082, 21296, 16822, 24110, 26741, 19516, 8184, 27402, 20012, 13001, 22599, 11922, 12358, 11335, 12487, 6337, 28003, 25888, 6673, 17996, 19398, 11742, 2628, 21101, 28152, 24571, 21407, 19454, 1100, 20272, 21153, 3251, 3049, 812, 6121, 27774, 19872, 28235, 15176, 19036, 12773, 22704, 28332, 4110, 4011, 27480, 19776, 11618, 10516, 7469, 27837, 19707, 18838, 19712, 27471, 23086, 28224, 27663, 27709, 27657, 27775, 15529, 19908, 9566, 28225, 9957, 9923, 8145, 6809, 5053, 27515, 27643, 27472, 1470, 14461, 21986, 4085, 23437, 13126, 21741, 27558, 27802, 27489, 28348, 12308, 17252, 3428, 17487, 27746, 1806, 17648, 27894, 22301, 26813, 4114, 7848, 23142, 17015, 2443]"
74,do not talk to me now i am angry,"violence,obscene,loudness","[16118, 11891, 6578, 26322, 25955, 20942, 16247, 19805, 28204, 16198, 26888, 22805, 26088, 6432, 27038, 16135, 3415, 24943, 27980, 2848, 25746, 16461, 26764, 26121, 25542, 20932, 26253, 6392, 25926, 27753]","[25640, 18692, 8415, 3264, 24150, 16846, 603, 4115, 578, 1012, 16069, 3384, 25480, 4564, 26489, 2194, 5064, 21298, 5288, 26419, 23010, 18883, 14817, 16880, 22503, 14475, 27130, 15380, 25644, 4510, 25437, 4970, 28229, 27451, 28184, 6450, 12738, 21814, 27975, 9037, 22618, 7150, 20967, 21734, 10471, 6160, 4504, 1745, 26404, 24785, 25756, 26613, 8742, 25481, 23299, 14011, 27291, 2931, 2846, 25635, 16265, 19015, 10096, 4287, 6688, 19269, 19085, 23459, 20504, 22060, 19972, 19492, 6935, 21993, 16094, 13220, 10339, 19183, 21958, 16882, 28292, 21892, 20390, 22538, 4543, 18816, 12073, 20786, 16652, 21113, 16742, 1404, 7528, 6625, 10987, 5480, 6488, 27166, 1519, 14601, 3576, 6988, 7203, 19877, 13022, 26554, 20570, 8552, 14988, 20136, 2969, 16925, 20472, 22413, 25994, 26470, 27938, 22066, 19572, 20391, 8580, 21166, 12256, 16417, 21635, 12098, 19364, 17680, 23123, 21641, 20046, 18723, 24651, 28348, 20432, 27215, 6293, 9237, 3480, 9433, 16017, 10814, 12813, 9354, 19942, 10366, 24427, 8343, 3739, 4278, 5238, 1877, 8283, 25267, 10149, 9674, 16020, 21160, 25486, 14775, 21929, 26366, 5501, 26958, 13108, 22541, 25574, 12302, 23545, 15205, 3534, 21472, 6566, 4329, 18787, 9205, 28134, 22883, 27546, 6708, 18163, 18875, 21906, 19368, 5270, 5690, 21647, 25843, 21766, 26454, 28008, 4003, 17089, 21587, 6371, 26429, 14194, 16404, 22662, 26852]"
92,i miss you a lot do you miss me ,"dating,romantic,feelings","[19216, 15019, 12656, 19238, 13135, 17106, 19344, 14005, 19964, 23862, 17150, 23842, 16869, 21685, 7907, 24781, 18406, 14107, 15649, 332, 14398, 338, 20914, 12976, 7332, 737, 26007, 13250, 3662, 19510]","[19165, 8639, 12496, 7208, 22485, 2936, 7124, 4663, 23316, 28025, 24871, 9231, 20631, 6619, 7249, 10719, 19, 20049, 3283, 15759, 25957, 24234, 10224, 6265, 11953, 23248, 4196, 19427, 1896, 20513, 12975, 13941, 21881, 1910, 14979, 2931, 12350, 27188, 5148, 17193, 20637, 22891, 2352, 11065, 23326, 3990, 20748, 7425, 22706, 1864, 2733, 175, 6446, 20652, 12302, 19971, 26947, 8139, 1457, 8209, 7074, 640, 23609, 16545, 7670, 1464, 7593, 5842, 24127, 23098, 12382, 10527, 4493, 17934, 3489, 4392, 19802, 19382, 20713, 27052, 5613, 25811, 1251, 4975, 21008, 11395, 16316, 27559, 12729, 19962, 26064, 24282, 15182, 22243, 24516, 26372, 26634, 10612, 18441, 18590, 27499, 6922, 21427, 6793, 19002, 16288, 23124, 6749, 8693, 5776, 26783, 3997, 14173, 17208, 6229, 16820, 18247, 17298, 20364, 16516, 8695, 5896, 8548, 25938, 2237, 26787, 11427, 21223, 10808, 23504, 12180, 8483, 2783, 23519, 19236, 15326, 20542, 11740, 16796, 5068, 21200, 23104, 5014, 17767, 5766, 22091, 27572, 26493, 20971, 27697, 9401, 9786, 10142, 21980, 14217, 15871, 15750, 4683, 24611, 17692, 22574, 22546, 18011, 21104, 10248, 21408, 12076, 18410, 17042, 27432, 4295, 8503, 7729, 13654, 23404, 26627, 23103, 12939, 16176, 16790, 3396, 18492, 9056, 6965, 25181, 13342, 8332, 23478, 19852, 8041, 1441, 21103, 2490, 18396, 16439, 27784, 13015, 2965, 12995, 19464]"
26,positivity all around,valence,"[20998, 26038, 14138, 2955, 18909, 21092, 18690, 20940, 3076, 8949, 9572, 9805, 2394, 22328, 3007, 21586, 3148, 8683, 8898, 21084, 22822, 7328, 2544, 732, 3073, 10820, 563, 552, 3570, 21289]","[6757, 22138, 20612, 26658, 22172, 3262, 22971, 20121, 27660, 28132, 23202, 9102, 19680, 19398, 23360, 19254, 4128, 5032, 4400, 4883, 27929, 20151, 19337, 18885, 20800, 18269, 20366, 20094, 25048, 14179, 17929, 14755, 21024, 8839, 20580, 21238, 1980, 13285, 3537, 19826, 12066, 18097, 22281, 17610, 18542, 18517, 16004, 6380, 27613, 22336, 18877, 4899, 16892, 19806, 17442, 19452, 16118, 18880, 19022, 18182, 18189, 25290, 20639, 22170, 23558, 19979, 16459, 14209, 13884, 23673, 14873, 20626, 23821, 20345, 14726, 17552, 20898, 23803, 19667, 19527, 19228, 1932, 18277, 19574, 19704, 14076, 20392, 27199, 14686, 18532, 14906, 6209, 15140, 16932, 19067, 22348, 19836, 20173, 19530, 2198, 435, 14399, 18458, 17886, 16361, 17768, 18405, 23713, 22491, 19936, 24355, 26480, 22379, 20200, 23662, 10516, 17877, 15485, 1706, 1703, 19353, 19480, 19953, 19550, 8920, 20057, 11618, 576, 15328, 611, 8880, 15913, 2569, 12626, 18262, 8865, 18994, 18273, 22982, 23377, 9046, 286, 11260, 24017, 522, 27284, 15528, 11708, 18005, 15557, 13160, 24821, 18863, 13292, 20738, 11288, 18871, 2506, 16271, 15251, 24013, 19376, 20209, 27250, 5370, 18564, 18718, 13983, 14330, 18940, 18580, 23861, 17843, 16238, 17657, 19079, 15726, 19812, 24223, 27439, 27477, 16314, 8666, 20185, 12234, 192, 20269, 16645, 13736, 16224, 19723, 24380, 5691, 1151, 19985, 26271, 14583, 16036, 7385, 27163]"
59,today is a great day,valence,"[20998, 26038, 14138, 2955, 18909, 21092, 18690, 20940, 3076, 8949, 9572, 9805, 2394, 22328, 3007, 21586, 3148, 8683, 8898, 21084, 22822, 7328, 2544, 732, 3073, 10820, 563, 552, 3570, 21289]","[24385, 1940, 2762, 2975, 27550, 4976, 24372, 18323, 3738, 11158, 9204, 9006, 2502, 5141, 22327, 8362, 21729, 5960, 26586, 4974, 22407, 23997, 6771, 17485, 5423, 8817, 19634, 10000, 23188, 16817, 5637, 21531, 18560, 12204, 22173, 9786, 14982, 4477, 26107, 2572, 8531, 21683, 26427, 2194, 1073, 14474, 17064, 14457, 24804, 1296, 9952, 21502, 3865, 13677, 26807, 21594, 14118, 945, 20286, 23221, 22568, 23752, 13533, 20193, 27351, 25494, 24084, 1640, 4379, 22147, 9075, 17867, 267, 3856, 27122, 9458, 10873, 23590, 26504, 3161, 19731, 17496, 17470, 17306, 12445, 23048, 25966, 21931, 6798, 24044, 5353, 3927, 25395, 19375, 16683, 23687, 4045, 23999, 11022, 11325, 24839, 6194, 19370, 1078, 11742, 23913, 14944, 638, 13027, 12348, 19322, 26578, 9689, 9593, 8402, 17840, 5383, 19017, 11145, 25179, 15441, 21297, 27989, 3596, 25039, 5824, 10733, 4995, 6889, 3261, 1991, 20581, 21070, 22913, 15518, 8459, 20830, 3319, 690, 23545, 23806, 24472, 23494, 21075, 18935, 16494, 24190, 12537, 11808, 24637, 25635, 18014, 24022, 16107, 8152, 6823, 13419, 4628, 3404, 25390, 16385, 23155, 8969, 13483, 18422, 10648, 17663, 23318, 6099, 21397, 16947, 19584, 3231, 22509, 9831, 10576, 14197, 7512, 929, 7579, 2040, 17656, 25203, 13541, 21191, 1668, 14679, 22826, 26567, 19712, 8348, 4258, 11987, 24612, 6616, 3071, 6523, 21189, 5662, 27240]"
46,feeling blessed,valence,"[20998, 26038, 14138, 2955, 18909, 21092, 18690, 20940, 3076, 8949, 9572, 9805, 2394, 22328, 3007, 21586, 3148, 8683, 8898, 21084, 22822, 7328, 2544, 732, 3073, 10820, 563, 552, 3570, 21289]","[27780, 11441, 5584, 24969, 25965, 25574, 14683, 16569, 14235, 21652, 21348, 21198, 12001, 25549, 5376, 6449, 6767, 12120, 12237, 6739, 6713, 6322, 10020, 23277, 4612, 15229, 4556, 6004, 24668, 23037, 11510, 5891, 14517, 6723, 16298, 4567, 6650, 20407, 21462, 21114, 22832, 21191, 16780, 10916, 11420, 20585, 24247, 20843, 12186, 4184, 27148, 17564, 3991, 18525, 20949, 25366, 6431, 14831, 21456, 22421, 15187, 23533, 24914, 23294, 14673, 17433, 12154, 11361, 12351, 16964, 15183, 6541, 19382, 15482, 26155, 6867, 6956, 13334, 17083, 13095, 14125, 11613, 25661, 3885, 20859, 21359, 2927, 20725, 6053, 6639, 5434, 23574, 19340, 10210, 6522, 18741, 19988, 11848, 9363, 27694, 26225, 6561, 12442, 27025, 6731, 12183, 12418, 5771, 23585, 15966, 25888, 22505, 25412, 4114, 11911, 148, 16653, 16455, 2546, 15945, 21814, 10528, 11239, 20520, 4203, 3850, 5587, 5152, 21538, 5660, 17889, 11539, 19261, 5172, 21636, 4771, 27835, 4087, 1859, 21705, 4696, 15278, 19598, 854, 2477, 11059, 3074, 26315, 14723, 15986, 22891, 6131, 22541, 6908, 16380, 25178, 3202, 21448, 5350, 24114, 27810, 20528, 20929, 5845, 25685, 17070, 26093, 21567, 15163, 5238, 23379, 26473, 23012, 19914, 17574, 12133, 14075, 23363, 4529, 28029, 14820, 25955, 21779, 10517, 20852, 15094, 8228, 10737, 24438, 17168, 6512, 5451, 25203, 26881, 14363, 10883, 63, 4173, 4148, 11820]"
90,family dinner songs,"family/gospel,family/spiritual","[22002, 15005, 16918, 821, 21079, 24535, 7524, 2326, 18251, 13131, 22250, 17048, 2955, 24739, 22486, 21224, 14958, 15799, 876, 14831, 2859, 25767, 13548, 2084, 17073, 12853, 18864, 18277, 18950, 22581]","[24116, 20992, 23361, 20918, 12783, 2272, 19807, 198, 26131, 27064, 19251, 20014, 20492, 22574, 1408, 21304, 21682, 6499, 12284, 1256, 16605, 7024, 24088, 18593, 18694, 12709, 18078, 5716, 5202, 2485, 1908, 25219, 6847, 12239, 23429, 13108, 19510, 20425, 6518, 99, 13913, 6475, 17073, 5592, 19764, 1767, 20281, 5661, 1794, 25001, 310, 17890, 13740, 8508, 14297, 848, 12561, 9139, 17475, 26434, 18707, 3732, 21460, 22176, 27569, 3043, 6144, 462, 17494, 6728, 10196, 8869, 23844, 6009, 21488, 20806, 12769, 16925, 10052, 10637, 22213, 24764, 14606, 19487, 1094, 20596, 24267, 5975, 16323, 7476, 16282, 5073, 22204, 16529, 21025, 26212, 2335, 10498, 3438, 11173, 18623, 12379, 9001, 20813, 22130, 3336, 4119, 19002, 6752, 17615, 12023, 9776, 18282, 18407, 17202, 11142, 17951, 22821, 85, 3160, 15031, 22660, 28350, 22742, 13882, 17539, 12557, 20230, 5405, 19037, 6755, 13540, 12420, 22520, 20485, 26179, 24065, 16719, 7462, 1070, 19727, 27610, 5095, 7521, 5257, 13027, 23228, 14835, 25567, 22434, 25446, 17699, 17757, 11389, 14972, 21016, 10017, 21966, 27419, 6214, 20860, 6077, 26550, 18602, 22717, 2158, 13269, 20827, 22399, 3645, 13776, 21190, 18001, 23110, 23427, 14434, 22427, 1145, 15823, 8647, 17242, 4110, 17177, 17182, 19349, 15548, 25841, 1425, 17989, 25912, 14301, 94, 8955, 17373, 17108, 6183, 18715, 20067, 18866, 919]"
70,date night vibes,"dating,romantic,night/time","[18622, 27893, 388, 21658, 8498, 3308, 19238, 17106, 20615, 19156, 24253, 23638, 13903, 12133, 3084, 19964, 23862, 23637, 17150, 21541, 8881, 25428, 13194, 988, 16869, 21685, 24525, 17692, 19896, 19641]","[3938, 9204, 18395, 23551, 12204, 8362, 19219, 21813, 8183, 13447, 1750, 10000, 22267, 1717, 9458, 6071, 9908, 5960, 24188, 20621, 2762, 2572, 8531, 25049, 21444, 945, 18667, 22088, 10355, 14072, 22568, 10083, 5990, 20193, 3865, 23284, 21672, 22971, 22101, 21828, 21357, 13927, 27390, 6316, 7254, 16373, 18341, 26068, 17485, 10733, 4995, 3261, 8817, 1991, 22913, 24472, 20830, 3319, 690, 15385, 20750, 25635, 3738, 21075, 27853, 23160, 21985, 19133, 21553, 20739, 18393, 21426, 21707, 14306, 13779, 19584, 14615, 6960, 19680, 18077, 27663, 27657, 27709, 13920, 14992, 5682, 13504, 4827, 28275, 26418, 27825, 2898, 16942, 12371, 8922, 28136, 6676, 22112, 16137, 22508, 6651, 4805, 21048, 21519, 20015, 6998, 23301, 20540, 1913, 22785, 16778, 9408, 21546, 5782, 25654, 3274, 6318, 16922, 19811, 1561, 12414, 26693, 25014, 19970, 9956, 20760, 6371, 3745, 26807, 12317, 16110, 23671, 3740, 16943, 18042, 2537, 19819, 6921, 13350, 12451, 11377, 23545, 15239, 1392, 2409, 25481, 24368, 23738, 17017, 19925, 18803, 22260, 13340, 11095, 1203, 4851, 12149, 22273, 10089, 22275, 10972, 6643, 17407, 15858, 12491, 3258, 26435, 20983, 7958, 9075, 19759, 17867, 11201, 1568, 17956, 8277, 2975, 16695, 267, 13774, 28048, 6762, 2003, 3856, 12996, 7273, 299, 5410, 17420, 9886, 5607, 27557, 15935, 9895, 9510, 19113, 6000, 7427, 7327, 19162]"
50,i want to punch someone,violence,"[25955, 19805, 16118, 2848, 16461, 20942, 15509, 19770, 16691, 16247, 17033, 19839, 13893, 13995, 15952, 20271, 21550, 3402, 25926, 24943, 26888, 21767, 16198, 3415, 24834, 28053, 24729, 24966, 16135, 16646]","[28371, 9460, 9449, 9450, 9451, 9452, 9453, 9454, 9455, 9456, 9457, 9458, 9459, 9461, 9447, 9462, 9463, 9464, 9465, 9466, 9467, 9468, 9469, 9470, 9471, 9472, 9448, 9446, 9419, 9432, 9421, 9422, 9423, 9424, 9425, 9426, 9427, 9428, 9429, 9430, 9431, 9433, 9445, 9434, 9435, 9436, 9437, 9438, 9439, 9440, 9441, 9442, 9443, 9444, 9473, 9474, 9475, 9515, 9504, 9505, 9506, 9507, 9508, 9509, 9510, 9511, 9512, 9513, 9514, 9516, 9476, 9517, 9518, 9519, 9520, 9521, 9522, 9523, 9524, 9525, 9526, 9527, 9503, 9502, 9501, 9500, 9477, 9478, 9479, 9480, 9481, 9482, 9483, 9484, 9485, 9486, 9487, 9488, 9489, 9490, 9491, 9492, 9493, 9494, 9495, 9496, 9497, 9498, 9499, 9420, 9418, 9529, 9349, 9338, 9339, 9340, 9341, 9342, 9343, 9344, 9345, 9346, 9347, 9348, 9350, 9336, 9351, 9352, 9353, 9354, 9355, 9356, 9357, 9358, 9359, 9360, 9361, 9337, 9335, 9417, 9321, 9310, 9311, 9312, 9313, 9314, 9315, 9316, 9317, 9318, 9319, 9320, 9322, 9334, 9323, 9324, 9325, 9326, 9327, 9328, 9329, 9330, 9331, 9332, 9333, 9362, 9363, 9364, 9404, 9393, 9394, 9395, 9396, 9397, 9398, 9399, 9400, 9401, 9402, 9403, 9405, 9365, 9406, 9407, 9408, 9409, 9410, 9411, 9412, 9413, 9414, 9415, 9416, 9392, 9391, 9390, 9389, 9366, 9367, 9368]"
44,i wanna move it move it,"danceability,energy","[27656, 28171, 28333, 5265, 27511, 27961, 4792, 20823, 28229, 27865, 22259, 28264, 18763, 2420, 20405, 3390, 4289, 20115, 24325, 18888, 27662, 4886, 18860, 18787, 28073, 28012, 20878, 27613, 5508, 5242]","[28371, 9460, 9449, 9450, 9451, 9452, 9453, 9454, 9455, 9456, 9457, 9458, 9459, 9461, 9447, 9462, 9463, 9464, 9465, 9466, 9467, 9468, 9469, 9470, 9471, 9472, 9448, 9446, 9419, 9432, 9421, 9422, 9423, 9424, 9425, 9426, 9427, 9428, 9429, 9430, 9431, 9433, 9445, 9434, 9435, 9436, 9437, 9438, 9439, 9440, 9441, 9442, 9443, 9444, 9473, 9474, 9475, 9515, 9504, 9505, 9506, 9507, 9508, 9509, 9510, 9511, 9512, 9513, 9514, 9516, 9476, 9517, 9518, 9519, 9520, 9521, 9522, 9523, 9524, 9525, 9526, 9527, 9503, 9502, 9501, 9500, 9477, 9478, 9479, 9480, 9481, 9482, 9483, 9484, 9485, 9486, 9487, 9488, 9489, 9490, 9491, 9492, 9493, 9494, 9495, 9496, 9497, 9498, 9499, 9420, 9418, 9529, 9349, 9338, 9339, 9340, 9341, 9342, 9343, 9344, 9345, 9346, 9347, 9348, 9350, 9336, 9351, 9352, 9353, 9354, 9355, 9356, 9357, 9358, 9359, 9360, 9361, 9337, 9335, 9417, 9321, 9310, 9311, 9312, 9313, 9314, 9315, 9316, 9317, 9318, 9319, 9320, 9322, 9334, 9323, 9324, 9325, 9326, 9327, 9328, 9329, 9330, 9331, 9332, 9333, 9362, 9363, 9364, 9404, 9393, 9394, 9395, 9396, 9397, 9398, 9399, 9400, 9401, 9402, 9403, 9405, 9365, 9406, 9407, 9408, 9409, 9410, 9411, 9412, 9413, 9414, 9415, 9416, 9392, 9391, 9390, 9389, 9366, 9367, 9368]"
76,life sucks right now bye,"sadness,feelings","[26552, 18451, 18206, 7503, 5009, 19216, 7212, 3547, 4507, 4137, 3527, 17985, 19344, 3591, 7353, 7096, 7896, 1183, 3241, 10020, 7122, 18999, 15797, 14003, 24788, 7229, 19824, 27170, 10008, 11205]","[21370, 17303, 1836, 21373, 21172, 25582, 20983, 24809, 24860, 13261, 14898, 20611, 19317, 130, 22381, 19442, 4230, 5389, 13270, 6186, 25346, 18332, 27744, 3956, 20531, 20471, 16345, 5456, 21191, 11742, 10587, 13972, 21789, 662, 19160, 25374, 16141, 19515, 19972, 18117, 8259, 16999, 18788, 6509, 16047, 12303, 14307, 19351, 14099, 15186, 22257, 20353, 15997, 23167, 20063, 18167, 16831, 21614, 25059, 8699, 19975, 27815, 11884, 26028, 25237, 24344, 15402, 1572, 26694, 13082, 7110, 6809, 18048, 28001, 18874, 21050, 6976, 21045, 24781, 14361, 21405, 22335, 21530, 4905, 12033, 21522, 598, 22249, 22441, 26367, 23295, 6865, 20087, 13349, 22262, 9790, 17996, 19425, 21101, 16452, 24784, 28152, 28224, 20123, 10655, 11575, 25609, 26032, 12022, 10231, 5976, 11335, 19572, 21296, 6121, 26915, 11859, 21376, 24110, 16822, 26741, 8184, 19516, 13001, 11922, 20012, 6337, 28003, 12487, 12358, 25888, 9724, 17520, 19398, 6523, 25848, 24571, 1100, 20272, 14754, 812, 6479, 19454, 21153, 3251, 3049, 14626, 5053, 23437, 15176, 22704, 27774, 28235, 5727, 19872, 28332, 19036, 19776, 24625, 4011, 12773, 22153, 4110, 27480, 27145, 8488, 28245, 19908, 27837, 10516, 11618, 7469, 6142, 18441, 19707, 27775, 18838, 19712, 25172, 23086, 27663, 27709, 27657, 27471, 22324, 15529, 28225, 9566, 7947, 9957, 23400, 9923, 23776, 27643, 14461, 8145, 6437, 20939, 23372, 13668]"
55,so happy i could dance,"danceability,valence","[20998, 5478, 22540, 21029, 22967, 21034, 21910, 28333, 20995, 21472, 19709, 27471, 21268, 21239, 22100, 25066, 21308, 18640, 21059, 27961, 21285, 16235, 21699, 27626, 20993, 20943, 22462, 20405, 21444, 21638]","[25422, 18908, 21915, 20292, 26915, 3309, 21843, 14592, 24035, 18660, 18302, 6140, 20192, 22677, 17746, 7718, 3341, 26259, 5126, 23514, 20228, 718, 6767, 26122, 25677, 17808, 19695, 3686, 21274, 23986, 3844, 23371, 22213, 20319, 19142, 21748, 16338, 11196, 5286, 25569, 19121, 21731, 1671, 20546, 17749, 18934, 17183, 23235, 2439, 19617, 22637, 19115, 3517, 8266, 17485, 1825, 7607, 3702, 24089, 8283, 1099, 23867, 21313, 20142, 17689, 25731, 25228, 2084, 20363, 23055, 25650, 27998, 4566, 18700, 27216, 5010, 24119, 19858, 17771, 17415, 17846, 19393, 13890, 24403, 1963, 2196, 3504, 20178, 1057, 20379, 11081, 19573, 2647, 25836, 22829, 10493, 22955, 2493, 1405, 12699, 23168, 9126, 8040, 3541, 7807, 12605, 24283, 26575, 4716, 24985, 8053, 14868, 24097, 16289, 27196, 20370, 4512, 21756, 6438, 9848, 18095, 7954, 7514, 2570, 5956, 3894, 3225, 14378, 6042, 21403, 4911, 14971, 17694, 14080, 10896, 3507, 27789, 15247, 12046, 4440, 22545, 5247, 491, 1252, 22930, 719, 6025, 19283, 21139, 4708, 17359, 3759, 11614, 4549, 20812, 3025, 20243, 14640, 6459, 26971, 10536, 13041, 27574, 10957, 21044, 26779, 20063, 21557, 27569, 2137, 23323, 18511, 17774, 4213, 14575, 13061, 929, 7359, 2936, 6151, 16157, 1006, 15545, 4580, 20635, 26132, 23532, 21077, 27186, 835, 1480, 19210, 11460, 13621, 19632, 3591, 9903, 13864, 19269, 10870]"
21,i miss my family,"feelings,family/gospel","[19216, 19344, 2326, 19402, 3662, 15019, 12976, 18500, 2711, 2204, 20, 18646, 21079, 21630, 13258, 16112, 22716, 14934, 12932, 8670, 18406, 23736, 8383, 6038, 13767, 20899, 13784, 1720, 8242, 18568]","[20014, 6499, 8639, 18593, 25219, 20425, 7208, 22485, 7124, 3043, 2936, 20806, 4663, 22660, 5073, 26212, 8869, 3336, 85, 13882, 5405, 7249, 12420, 19, 19427, 20049, 24234, 22434, 10224, 12975, 6183, 26797, 21881, 14262, 15608, 18179, 5148, 14301, 25912, 22619, 23311, 6352, 4923, 25446, 847, 4865, 27257, 19037, 8622, 28339, 19217, 2352, 4746, 11065, 14979, 18694, 17193, 23330, 175, 9787, 12302, 8209, 640, 24199, 24786, 23262, 5076, 7074, 5183, 20943, 8139, 1457, 23609, 16545, 24127, 21235, 26043, 7670, 1464, 7593, 5842, 23098, 7425, 1896, 4493, 10527, 17934, 12350, 24871, 4975, 19802, 6410, 20713, 1251, 27432, 7248, 11395, 17971, 14558, 24516, 26372, 6922, 26231, 5520, 22842, 6793, 10196, 15158, 12005, 26787, 11427, 7726, 9526, 10808, 5826, 23519, 5613, 8856, 3557, 22520, 16516, 20542, 12275, 11740, 26179, 17792, 21200, 11028, 1991, 6721, 15871, 15750, 10695, 21014, 7004, 6152, 5200, 15853, 18772, 6976, 14219, 26428, 26693, 26627, 4235, 21396, 10719, 13453, 12939, 21880, 11695, 27585, 2775, 9905, 20818, 2490, 16439, 17059, 2437, 10156, 11777, 26881, 11160, 23478, 21103, 18396, 2965, 6304, 24311, 1782, 9914, 23266, 11538, 27563, 14950, 18426, 7159, 27032, 2436, 9129, 16349, 15346, 17026, 25385, 7024, 21651, 2865, 18642, 6308, 26145, 2264, 1114, 1184, 14566, 9213, 14913, 6576, 23123, 6719, 13148]"
61,i wanna scream so bad,"loudness,energy","[16018, 13640, 16149, 15783, 27037, 16118, 16119, 16112, 13637, 27837, 26493, 26449, 16195, 26546, 16314, 945, 25951, 27040, 26483, 24243, 26529, 25972, 26320, 5140, 25881, 26365, 15985, 26768, 16265, 26183]","[3689, 14891, 16329, 482, 6592, 26749, 24651, 24581, 17909, 28221, 6051, 5997, 23918, 18161, 25296, 18159, 21694, 2897, 4726, 26641, 8479, 20187, 21590, 25798, 23159, 25223, 15045, 1189, 25881, 6261, 1978, 1699, 24768, 21747, 6350, 21285, 6819, 26887, 15046, 15635, 18930, 6275, 24164, 14697, 659, 26389, 14615, 5263, 20412, 22218, 20843, 3048, 6953, 20697, 26594, 20662, 6658, 9791, 1520, 24812, 22198, 19973, 26435, 9416, 18928, 11286, 21891, 12632, 25789, 27091, 7021, 19154, 24877, 2804, 19135, 20238, 17105, 22269, 28317, 19438, 15410, 13354, 18638, 411, 21395, 20854, 18333, 4020, 23451, 4929, 12571, 22060, 24462, 449, 1854, 3121, 3383, 8848, 19001, 21525, 24458, 27064, 14375, 21352, 26891, 22085, 12717, 24780, 18903, 23334, 20420, 27380, 15756, 26025, 16956, 10688, 5526, 12021, 26490, 22095, 349, 23059, 6558, 16953, 12782, 8369, 1441, 5969, 15954, 21187, 17302, 24853, 124, 22073, 4687, 24826, 21562, 22374, 22599, 21892, 3666, 21467, 20996, 20927, 1554, 24293, 4661, 15230, 2273, 18363, 25575, 11292, 20586, 6679, 6549, 5481, 18524, 17131, 12599, 24732, 17427, 26559, 14372, 17113, 22196, 2154, 22502, 3266, 18310, 24909, 21114, 5253, 12436, 20188, 16764, 16323, 19158, 4168, 9006, 16569, 23766, 5850, 20402, 24685, 22335, 12643, 23819, 27829, 25804, 22937, 4504, 21334, 27622, 1725, 26601, 17024, 6733, 17866, 2641, 10104]"
6,i need some workout energy,"energy,loudness","[16018, 13640, 16149, 15783, 27037, 16118, 16119, 16112, 13637, 27837, 26493, 26449, 16195, 26546, 16314, 945, 25951, 27040, 26483, 24243, 26529, 25972, 26320, 5140, 25881, 26365, 15985, 26768, 16265, 26183]","[2565, 5775, 23738, 27225, 23010, 12091, 2870, 6486, 20848, 15219, 6938, 6539, 22800, 20127, 22668, 21227, 12944, 13295, 12934, 22706, 22375, 22152, 28174, 4377, 13636, 23878, 25431, 18122, 27731, 21932, 23807, 22023, 23208, 23345, 24357, 21661, 10202, 2997, 15146, 23106, 25202, 15774, 2458, 16696, 19784, 7038, 15205, 21556, 22136, 14352, 13852, 18875, 5282, 15794, 22477, 23982, 16128, 6549, 6556, 24571, 11075, 19705, 18597, 20312, 9635, 17949, 4430, 15344, 21507, 21383, 3554, 16114, 21487, 12085, 6185, 6892, 4527, 19075, 18738, 22742, 4376, 8688, 27821, 27585, 4199, 19520, 21032, 17973, 23381, 21922, 19796, 551, 22108, 19360, 20305, 6739, 11601, 23897, 20254, 21087, 25733, 24592, 19862, 20272, 14208, 3221, 26382, 16510, 16747, 5191, 8848, 981, 22450, 21321, 26324, 7452, 17720, 6900, 18905, 22879, 2692, 24861, 27554, 2227, 17540, 2075, 21053, 6686, 22257, 21785, 3156, 20186, 24469, 16737, 2481, 4995, 27958, 24955, 22192, 4988, 2930, 22827, 23873, 14029, 26123, 22401, 2459, 19679, 27605, 25401, 12395, 19927, 16430, 22614, 13567, 3126, 16521, 10393, 20576, 19792, 482, 16654, 18879, 17201, 27341, 431, 6412, 23400, 21255, 12871, 21100, 1671, 20546, 6537, 20504, 25162, 14030, 19940, 20920, 17769, 27436, 6570, 3492, 26880, 6827, 6084, 28056, 16351, 19744, 20647, 20822, 22329, 23070, 26207, 16380, 21146, 25307, 19483, 21826, 23374]"
63,super excited i just wanna dance,"danceability,energy","[27656, 28171, 28333, 5265, 27511, 27961, 4792, 20823, 28229, 27865, 22259, 28264, 18763, 2420, 20405, 3390, 4289, 20115, 24325, 18888, 27662, 4886, 18860, 18787, 28073, 28012, 20878, 27613, 5508, 5242]","[4863, 24651, 24581, 25296, 4461, 6229, 6186, 21376, 26887, 26435, 21915, 24812, 24768, 3048, 6880, 3666, 18638, 23367, 25789, 23255, 2681, 26594, 2652, 25223, 3383, 20912, 24780, 19903, 15827, 20412, 24685, 15756, 19373, 6178, 25881, 4542, 27670, 26490, 2154, 24853, 11161, 5126, 16759, 6944, 20605, 20726, 5850, 6684, 2101, 4555, 3950, 3971, 6600, 25640, 6767, 21352, 16992, 11349, 26407, 26122, 5286, 4802, 6666, 23371, 20869, 19787, 21430, 16527, 25085, 6861, 12297, 12406, 20386, 13413, 24905, 12773, 24459, 26735, 27571, 16963, 18677, 22777, 25706, 26368, 4094, 4998, 27216, 28254, 18474, 25805, 16176, 3200, 25803, 6893, 6855, 2462, 10829, 6891, 16905, 26486, 25027, 20857, 22132, 24622, 26978, 24178, 28296, 27588, 2439, 4638, 24139, 6980, 22051, 16307, 19115, 14236, 26640, 3517, 995, 1239, 15296, 10519, 16597, 1825, 26797, 4422, 27998, 5669, 27951, 10104, 10883, 27864, 23159, 20142, 27351, 1256, 26498, 17000, 23055, 27135, 16323, 21855, 18746, 21395, 19577, 22508, 2869, 2847, 21913, 28346, 25562, 13714, 23931, 26737, 1294, 24119, 24403, 9839, 12188, 1963, 16331, 16397, 21489, 14361, 10304, 21581, 6704, 26429, 23862, 4583, 2401, 2493, 14065, 13568, 11143, 2634, 11937, 12474, 24404, 20675, 18511, 1405, 6703, 7414, 7359, 23168, 358, 2443, 27342, 4349, 2035, 14197, 22065, 19810, 22504, 20461, 5003, 18868, 27663, 27709]"
